ID,Statement,Subject,Context,Difficulty,AgeRange,Mathematics,OriginalActivity
matematica_general_vcy81y_1757769156185,"ğŸ® JoÃ£o comprou 29 V-Bucks e ganhou 11 V-Bucks de presente! Quantos V-Bucks ele tem agora? ğŸ’°",matematica,general,Iniciante,6-8,subtraÃ§Ã£o,ğŸ§® Calculadora Digital Expert
matematica_shopping_f9849l_1757769156186,"ğŸ• A pizzaria vendeu 29 pizzas de manhÃ£ e 19 pizzas Ã  tarde. Quantas pizzas venderam hoje? ğŸ•",matematica,shopping,Iniciante,6-8,calculo,ğŸ§® Calculadora Digital Expert
matematica_toys_enwz8s_1757769156186,"âš½ No campeonato, o time fez 4 gols no primeiro jogo e 2 gols no segundo. Total de gols? âš½",matematica,toys,Iniciante,6-8,calculo,ğŸ§® Calculadora Digital Expert
matematica_general_rt2dln_1757769156186,"ğŸ“š Ana leu 30 pÃ¡ginas ontem e 35 pÃ¡ginas hoje. Quantas pÃ¡ginas leu no total? ğŸ“–",matematica,general,Iniciante,6-8,calculo,ğŸ§® Calculadora Digital Expert
matematica_general_r8mtpu_1757769156186,"ğŸµ O playlist tem 16 mÃºsicas pop e 26 mÃºsicas rock. Quantas mÃºsicas ao todo? ğŸ¶",matematica,general,Iniciante,6-8,calculo,ğŸ§® Calculadora Digital Expert
matematica_general_rlivob_1757769156186,"ğŸ—ï¸ Maria precisa de 26 blocos vermelhos e 58 blocos azuis para sua construÃ§Ã£o. Quantos blocos no total? ğŸ§±",matematica,general,Iniciante,6-8,calculo,ğŸ§® Calculadora Digital Expert
matematica_general_kx88tx_1757769156186,"ğŸª O circo vendeu 55 ingressos pela manhÃ£ e 40 Ã  noite. Quantas pessoas assistiram? ğŸ­",matematica,general,Iniciante,6-8,calculo,ğŸ§® Calculadora Digital Expert
matematica_general_2w5rzo_1757769156186,"ğŸ›’ No mercado, papai comprou 23 frutas e 39 verduras. Quantos itens ao todo? ğŸ¥•",matematica,general,Iniciante,6-8,calculo,ğŸ§® Calculadora Digital Expert
matematica_general_3tgluc_1757769156186,"ğŸ¨ O artista usou 10 tintas vermelhas e 9 tintas azuis. Quantas tintas usou? ğŸ–Œï¸",matematica,general,Iniciante,6-8,calculo,ğŸ§® Calculadora Digital Expert
matematica_entertainment_1g47wc_1757769156186,"ğŸ¾ No parque, vi 32 cachorros e 16 gatos. Quantos animais vi no total? ğŸ•",matematica,entertainment,Iniciante,6-8,calculo,ğŸ§® Calculadora Digital Expert
matematica_toys_6ji9v3_1757769156186,"ğŸ¯ O arcade deu 87 tickets no jogo de basquete e 40 no jogo de dardos. Quantos tickets ganhei? ğŸ†",matematica,toys,Iniciante,6-8,calculo,ğŸ§® Calculadora Digital Expert
matematica_general_ctsw7x_1757769156186,"ğŸ“± O app teve 73 downloads de manhÃ£ e 56 Ã  tarde. Total de downloads hoje? ğŸ“ˆ",matematica,general,Iniciante,6-8,calculo,ğŸ§® Calculadora Digital Expert
matematica_general_a57jah_1757769156186,"ğŸ” A lanchonete fez 93 hambÃºrgueres e 39 batatas fritas. Quantos itens prepararam? ğŸŸ",matematica,general,Iniciante,6-8,calculo,ğŸ§® Calculadora Digital Expert
matematica_farm_c3gg5v_1757769156186,"ğŸ® No servidor, entraram 94 jogadores novos e 125 jogadores antigos. Quantos players online? ğŸ‘¾",matematica,farm,Iniciante,6-8,calculo,ğŸ§® Calculadora Digital Expert
matematica_general_yk49k9_1757769156187,"ğŸ¬ O cinema vendeu 64 ingressos para o filme de aÃ§Ã£o e 70 para a comÃ©dia. Total vendido? ğŸ¿",matematica,general,Iniciante,6-8,calculo,ğŸ§® Calculadora Digital Expert
matematica_general_csw680_1757769156187,"âš”ï¸ O cavaleiro coletou 275 moedas de ouro no castelo e 290 no dragÃ£o. Quanto ouro tem? ğŸ’°",matematica,general,Aventureiro,6-8,calculo,ğŸ§® Calculadora Digital Expert
matematica_shopping_wfrbrx_1757769156187,"ğŸª A loja vendeu 304 itens pela manhÃ£ e 179 Ã  tarde. Quantos itens venderam hoje? ğŸ›ï¸",matematica,shopping,Aventureiro,6-8,calculo,ğŸ§® Calculadora Digital Expert
matematica_mathematics_rr3ub1_1757769156187,"ğŸš— Na corrida, o carro azul fez 193 pontos e o vermelho 314 pontos. Quantos pontos somados? ğŸ",matematica,mathematics,Aventureiro,6-8,calculo,ğŸ§® Calculadora Digital Expert
matematica_general_8g1oto_1757769156187,"ğŸª O mÃ¡gico fez 183 truques no primeiro show e 220 no segundo. Quantos truques ao todo? âœ¨",matematica,general,Aventureiro,6-8,calculo,ğŸ§® Calculadora Digital Expert
matematica_general_85c1ux_1757769156187,"ğŸŒŸ O influencer ganhou 336 seguidores no YouTube e 240 no TikTok. Total de seguidores? ğŸ“±",matematica,general,Aventureiro,6-8,calculo,ğŸ§® Calculadora Digital Expert
matematica_general_e932l9_1757769156187,"ğŸ  O aquÃ¡rio tinha 445 peixes tropicais e chegaram 215 peixes novos. Quantos peixes agora? ğŸŸ",matematica,general,Aventureiro,6-8,calculo,ğŸ§® Calculadora Digital Expert
matematica_general_2pyf0x_1757769156187,"ğŸ–ï¸ Na praia, construÃ­ 315 castelos de areia de manhÃ£ e 205 Ã  tarde. Quantos castelos fiz? ğŸ°",matematica,general,Aventureiro,6-8,calculo,ğŸ§® Calculadora Digital Expert
matematica_general_1mtobr_1757769156187,"â›µ O barco pescou 301 peixes pela manhÃ£ e 365 Ã  tarde. Quantos peixes pescaram? ğŸ£",matematica,general,Aventureiro,6-8,calculo,ğŸ§® Calculadora Digital Expert
matematica_general_58i6qc_1757769156187,"ğŸŒº A ilha tem 354 coqueiros na praia norte e 398 na praia sul. Quantos coqueiros no total? ğŸ¥¥",matematica,general,Aventureiro,6-8,calculo,ğŸ§® Calculadora Digital Expert
matematica_general_r1tex2_1757769156187,"ğŸ„ O surfista pegou 38 ondas de manhÃ£ e 62 Ã  tarde. Quantas ondas surfou hoje? ğŸŒŠ",matematica,general,Aventureiro,6-8,calculo,ğŸ§® Calculadora Digital Expert
matematica_general_xktwur_1757769156187,"ğŸ† No torneio, marquei 649 pontos na semifinal e 392 na final. Quantos pontos no total? âš¡",matematica,general,Aventureiro,6-8,calculo,ğŸ§® Calculadora Digital Expert
matematica_general_cxrfyy_1757769156187,"ğŸ® O gamer fez 371 kills no primeiro mapa e 312 no segundo. Quantos kills ao todo? ğŸ’€",matematica,general,Aventureiro,6-8,calculo,ğŸ§® Calculadora Digital Expert
matematica_general_i25vjg_1757769156187,"ğŸª O acrobata deu 185 saltos no primeiro nÃºmero e 288 no segundo. Total de saltos? ğŸ¤¸",matematica,general,Aventureiro,6-8,calculo,ğŸ§® Calculadora Digital Expert
matematica_general_sfdgjq_1757769156187,"ğŸš€ A nave coletou 614 cristais no planeta azul e 859 no planeta vermelho. Quantos cristais? ğŸ’",matematica,general,Aventureiro,6-8,calculo,ğŸ§® Calculadora Digital Expert
matematica_general_zzfmq_1757769156187,"ğŸ¬ O filme arrecadou R$ 762 na primeira semana e R$ 474 na segunda. Total arrecadado? ğŸ’°",matematica,general,Aventureiro,6-8,calculo,ğŸ§® Calculadora Digital Expert
matematica_general_5ulluk_1757769156187,"ğŸ›ï¸ O templo recebeu 1,900 visitantes de manhÃ£ e 1,126 Ã  tarde. Quantas pessoas visitaram? ğŸ‘¥",matematica,general,Mestre,6-8,calculo,ğŸ§® Calculadora Digital Expert
matematica_general_dbojf8_1757769156187,"ğŸ“œ O sÃ¡bio escreveu 764 pergaminhos na primeira semana e 1,080 na segunda. Quantos pergaminhos? âœï¸",matematica,general,Mestre,6-8,calculo,ğŸ§® Calculadora Digital Expert
matematica_general_o75wk_1757769156187,"ğŸ’ A mina produziu 1,147 gemas preciosas de manhÃ£ e 1,144 Ã  tarde. Total de gemas? â›ï¸",matematica,general,Mestre,6-8,calculo,ğŸ§® Calculadora Digital Expert
matematica_general_bknbpa_1757769156187,"ğŸŒŸ O observatÃ³rio detectou 2,698 estrelas no telescÃ³pio 1 e 2,317 no telescÃ³pio 2. Quantas estrelas? ğŸ”­",matematica,general,Mestre,6-8,calculo,ğŸ§® Calculadora Digital Expert
matematica_general_tptcwb_1757769156187,"ğŸ­ O teatro vendeu 1,781 ingressos online e 1,305 na bilheteria. Total de ingressos vendidos? ğŸ«",matematica,general,Mestre,6-8,calculo,ğŸ§® Calculadora Digital Expert
matematica_general_lsz4jv_1757769156187,"ğŸ§ª O cientista fez 1,951 experimentos na primeira fase e 1,520 na segunda. Quantos experimentos? ğŸ”¬",matematica,general,Mestre,6-8,calculo,ğŸ§® Calculadora Digital Expert
matematica_general_sooiil_1757769156187,"ğŸ¤– A fÃ¡brica produziu 3,191 robÃ´s no turno da manhÃ£ e 4,267 no da tarde. Quantos robÃ´s? ğŸ­",matematica,general,Mestre,6-8,calculo,ğŸ§® Calculadora Digital Expert
matematica_general_5yf5q_1757769156187,"ğŸš€ A estaÃ§Ã£o espacial recebeu 4,777 suprimentos na cÃ¡psula 1 e 3,163 na cÃ¡psula 2. Total? ğŸ“¦",matematica,general,Mestre,6-8,calculo,ğŸ§® Calculadora Digital Expert
matematica_general_m0sx8g_1757769156187,"ğŸ’» O data center processou 2,412 dados de manhÃ£ e 4,262 Ã  tarde. Quantos dados processados? ğŸ“Š",matematica,general,Mestre,6-8,calculo,ğŸ§® Calculadora Digital Expert
matematica_toys_5u18y3_1757769156187,"ğŸ® O servidor do jogo registrou 3,927 logins de manhÃ£ e 2,427 Ã  tarde. Total de logins? ğŸ‘¾",matematica,toys,Mestre,6-8,calculo,ğŸ§® Calculadora Digital Expert
matematica_general_4ttz8y_1757769156187,"ğŸ° O reino arrecadou 3,389 moedas de impostos e 5,223 de comÃ©rcio. Quantas moedas no tesouro? ğŸ’°",matematica,general,Mestre,6-8,calculo,ğŸ§® Calculadora Digital Expert
matematica_general_781vew_1757769156187,"ğŸª O festival real teve 6,812 visitantes no primeiro dia e 6,729 no segundo. Quantos visitantes? ğŸ­",matematica,general,Mestre,6-8,calculo,ğŸ§® Calculadora Digital Expert
matematica_general_xe6zpn_1757769156187,"âš”ï¸ O exÃ©rcito tem 2,667 soldados na infantaria e 4,602 na cavalaria. Quantos soldados? ğŸ›¡ï¸",matematica,general,Mestre,6-8,calculo,ğŸ§® Calculadora Digital Expert
matematica_general_ydn8br_1757769156187,"ğŸ¨ O palÃ¡cio tem 7,165 pinturas na ala leste e 7,009 na ala oeste. Quantas pinturas ao todo? ğŸ–¼ï¸",matematica,general,Mestre,6-8,calculo,ğŸ§® Calculadora Digital Expert
matematica_general_j0hlny_1757769156187,"ğŸŒŸ A cerimÃ´nia real teve 8,084 convidados nobres e 8,594 convidados especiais. Total de convidados? ğŸ‘‘",matematica,general,Mestre,6-8,calculo,ğŸ§® Calculadora Digital Expert
matematica_general_83sr2x_1757769156187,"ğŸš€ A frota espacial coletou 25,872 minÃ©rios no asteroide Alpha e 25,345 no asteroide Beta. Total de minÃ©rios? ğŸŒŒ",matematica,general,Lenda,6-8,calculo,ğŸ§® Calculadora Digital Expert
matematica_general_qvqv4c_1757769156188,"ğŸŒŸ O observatÃ³rio galÃ¡ctico registrou 20,417 sinais no setor norte e 31,665 no setor sul. Quantos sinais? ğŸ“¡",matematica,general,Lenda,6-8,calculo,ğŸ§® Calculadora Digital Expert
matematica_general_52wn7z_1757769156188,"ğŸ‘½ A estaÃ§Ã£o recebeu 24,627 visitantes da Terra e 32,995 de outros planetas. Quantos visitantes? ğŸ›¸",matematica,general,Lenda,6-8,calculo,ğŸ§® Calculadora Digital Expert
matematica_general_2mfda7_1757769156188,"ğŸ’ A mineraÃ§Ã£o espacial extraiu 39,117 cristais do cometa azul e 48,140 do cometa vermelho. Total? â›ï¸",matematica,general,Lenda,6-8,calculo,ğŸ§® Calculadora Digital Expert
matematica_general_hm2clm_1757769156188,"ğŸŒ A confederaÃ§Ã£o tem 38,465 habitantes na Terra e 44,686 em Marte. Quantos habitantes no total? ğŸª",matematica,general,Lenda,6-8,calculo,ğŸ§® Calculadora Digital Expert
matematica_general_unh1kz_1757769156188,"ğŸ² O dragÃ£o guardava 54,984 moedas de ouro na cÃ¢mara secreta e 31,054 na torre. Quantas moedas? ğŸ’°",matematica,general,Lenda,6-8,calculo,ğŸ§® Calculadora Digital Expert
matematica_general_4hn74_1757769156188,"ğŸ° O reino mÃ¡gico tem 35,772 feiticeiros na academia e 65,244 em missÃµes. Quantos feiticeiros? âš¡",matematica,general,Lenda,6-8,calculo,ğŸ§® Calculadora Digital Expert
matematica_general_xqgsc4_1757769156188,"ğŸ—¡ï¸ O herÃ³i derrotou 74,468 monstros na floresta sombria e 44,484 no vale perdido. Quantos monstros? âš”ï¸",matematica,general,Lenda,6-8,calculo,ğŸ§® Calculadora Digital Expert
matematica_general_yhdor5_1757769156188,"ğŸ”® A profecia fala de 83,395 guerreiros da luz e 57,852 guerreiros das sombras. Total de guerreiros? ğŸŒŸ",matematica,general,Lenda,6-8,calculo,ğŸ§® Calculadora Digital Expert
matematica_calculator_ll0pr7_1757769156188,"ğŸ­ A lenda conta 81,812 histÃ³rias do passado e 45,916 do futuro. Quantas histÃ³rias na lenda? ğŸ“š",matematica,calculator,Lenda,6-8,calculo,ğŸ§® Calculadora Digital Expert
matematica_general_t1v459_1757769156188,"ğŸŒŸ O universo contÃ©m 65,551 galÃ¡xias conhecidas e 84,802 galÃ¡xias descobertas recentemente. Total de galÃ¡xias? ğŸŒŒ",matematica,general,Lenda,6-8,calculo,ğŸ§® Calculadora Digital Expert
matematica_general_qt37jo_1757769156188,"ğŸ† O campeonato mundial registrou 78,872 espectadores online e 56,162 presenciais. Quantos espectadores? ğŸ®",matematica,general,Lenda,6-8,calculo,ğŸ§® Calculadora Digital Expert
matematica_general_1u8x13_1757769156188,"ğŸ’ A corporaÃ§Ã£o intergalÃ¡ctica faturou 97,783 crÃ©ditos no primeiro trimestre e 91,020 no segundo. Total faturado? ğŸ’°",matematica,general,Lenda,6-8,calculo,ğŸ§® Calculadora Digital Expert
matematica_general_kvbuqn_1757769156188,"ğŸš€ A missÃ£o espacial coletou 88,897 amostras no planeta X e 65,171 no planeta Y. Quantas amostras? ğŸ§ª",matematica,general,Lenda,6-8,calculo,ğŸ§® Calculadora Digital Expert
matematica_general_k8b4je_1757769156188,"ğŸ¯ O mestre supremo acumulou 76,556 pontos de sabedoria e 82,045 pontos de experiÃªncia. Total de pontos? â­",matematica,general,Lenda,6-8,calculo,ğŸ§® Calculadora Digital Expert
historia_general_j2qpx5_1757769156188,", error); }); setMusicPlaying(true); } } }; // FunÃ§Ã£o para reduzir temporariamente o volume da mÃºsica de fundo const reduceBackgroundVolume = () => { if (backgroundMusic && musicPlaying) { backgroundMusic.volume = 0.05; // Reduz para 5% durante Ã¡udio educacional } }; // FunÃ§Ã£o para restaurar o volume normal da mÃºsica de fundo const restoreBackgroundVolume = () => { if (backgroundMusic && musicPlaying) { setTimeout(() => { backgroundMusic.volume = 0.15; // Volta para 15% apÃ³s Ã¡udio }, 500); // Pequeno delay para suavizar a transiÃ§Ã£o } }; // FunÃ§Ã£o para tocar som de feedback (acerto/erro) const playFeedbackSound = (isCorrect) => { try { const soundType = isCorrect ?",historia,general,hard,6-8,divisÃ£o,Construtor de HistÃ³ria do Brasil
historia_general_33qamg_1757769156188,"Pense: o que aconteceu primeiro?",historia,general,medium,6-8,N/A,Construtor de HistÃ³ria do Brasil
historia_general_d3pz0_1757769156188,"); if (!draggedEvent) return; const isCorrect = draggedEvent.id === position; const attemptData = { timestamp: new Date(), eventId: draggedEvent.id, positionTried: position + 1, correct: isCorrect, eventTitle: draggedEvent.title, eventYear: draggedEvent.year }; setAttempts(prev => [...prev, attemptData]); // Tocar som de feedback imediatamente playFeedbackSound(isCorrect); if (isCorrect) { const newPlaced = [...placedEvents]; newPlaced[position] = draggedEvent; setPlacedEvents(newPlaced); setCorrectCount(prev => prev + 1); setAvailableEvents(prev => prev.filter(e => e.id !== draggedEvent.id)); setCelebrationMessage(celebrations[position]); setShowCelebration(true); setTimeout(() => setShowCelebration(false), 3000); if (correctCount + 1 === 5) { setTimeout(() => { const endTime = new Date(); const totalTime = startTime ? Math.round((endTime - startTime) / 1000) : 0; const earnedBadges = evaluateAndAwardBadges(selectedBlock, correctCount + 1, totalTime); setGameCompleted(true); }, 1000); } } else { setErrorCount(prev => prev + 1); const randomError = errorMessages[Math.floor(Math.random() * errorMessages.length)]; setErrorMessage(randomError); setShowError(true); setTimeout(() => setShowError(false), 2500); } setDraggedEvent(null); }; const evaluateAndAwardBadges = (blockId, correctCount, totalTime) => { const result = badgeSystem.evaluateBadge(blockId, correctCount, totalTime, attempts.length, errorCount); const currentBadges = badgeSystem.storage.loadBadges(studentName); currentBadges[`block_${blockId}`] = result.earnedBadges; badgeSystem.storage.saveBadges(studentName, currentBadges); // Salvar dados da sessÃ£o para agregaÃ§Ã£o const sessionData = { blockId, blockName: blockTitles[blockId], correctCount, totalTime, attempts: [...attempts], badges: result.earnedBadges, finalPercentage: result.finalPercentage, errorCount, timestamp: new Date() }; setAllSessionData(prev => [...prev, sessionData]); setSessionBadges(result.earnedBadges); setStudentBadges(currentBadges); return result; }; const BadgeDisplay = ({ badges, blockId }) => ( <div className=",historia,general,medium,6-8,adiÃ§Ã£o,Construtor de HistÃ³ria do Brasil
historia_general_mwa668_1757769156188,">{badgeData.description}</div> </div> ); })} </div> ); const downloadCSV = () => { const endTime = new Date(); const totalTime = startTime ? Math.round((endTime - startTime) / 1000) : 0; const detailedAttempts = attempts.map((attempt, index) => [ studentName, attempt.timestamp.toISOString(), `Tentativa_${index + 1}`, attempt.eventTitle.replace(/[^a-zA-Z0-9\\s]/g,",historia,general,medium,6-8,adiÃ§Ã£o,Construtor de HistÃ³ria do Brasil
historia_general_2qfuta_1757769156188,"), attempt.eventYear, `Posicao_${attempt.positionTried}`, attempt.correct ?",historia,general,medium,6-8,N/A,Construtor de HistÃ³ria do Brasil
historia_general_qhciq_1757769156188,"> <button onClick={startGame} disabled={!studentName.trim()} className={`w-full px-6 py-4 rounded-lg text-xl font-bold transition-all ${ studentName.trim() ?",historia,general,medium,6-8,subtraÃ§Ã£o,Construtor de HistÃ³ria do Brasil
historia_general_nwjciz_1757769156188,"> {percentage >= 80 ?",historia,general,medium,6-8,N/A,Construtor de HistÃ³ria do Brasil
historia_general_l3ekee_1757769156188,": percentage >= 60 ?",historia,general,medium,6-8,N/A,Construtor de HistÃ³ria do Brasil
historia_general_1dhlzg_1757769156189,"> {[0, 1, 2, 3, 4].map((position) => ( <div key={position} onDragOver={handleDragOver} onDragLeave={handleDragLeave} onDrop={(e) => handleDrop(e, position)} className={` drop-zone h-[80px] p-4 rounded-lg border-3 flex items-center justify-center text-lg font-bold transition-all duration-300 ${placedEvents[position] !== null ? `${eventBlocks[selectedBlock][position].color} border-solid border-gray-700 text-white` :",historia,general,medium,6-8,subtraÃ§Ã£o,Construtor de HistÃ³ria do Brasil
historia_general_8a9mdy_1757769156189,"} `} > {placedEvents[position] !== null ? ( <div className=",historia,general,medium,6-8,N/A,Construtor de HistÃ³ria do Brasil
historia_general_sx3d4_1757769156189,"] }; // FunÃ§Ã£o para tocar som de feedback (acerto/erro) const playFeedbackSound = (isCorrect) => { try { const soundType = isCorrect ?",historia,general,hard,6-8,divisÃ£o,Detective da HistÃ³ria - IndependÃªncia do Brasil
historia_general_osxhh_1757769156189,"Pense: quando isso aconteceu?",historia,general,medium,6-8,N/A,Corrida da HistÃ³ria do Brasil
historia_general_s628xv_1757769156189,"] ]; allSessionData.forEach(session => { const errorCount = session.totalAttempts - session.stars; const averageTime = session.attempts.length > 0 ? Math.round(session.attempts.reduce((sum, attempt) => sum + attempt.responseTime, 0) / session.attempts.length) : 8; csvData.push([ studentName,",historia,general,medium,6-8,adiÃ§Ã£o,Corrida da HistÃ³ria do Brasil
historia_general_qhciq_1757769156189,"> <button onClick={startGame} disabled={!studentName.trim()} className={`w-full px-6 py-4 rounded-lg text-xl font-bold transition-all ${ studentName.trim() ?",historia,general,medium,6-8,subtraÃ§Ã£o,Detective da HistÃ³ria - IndependÃªncia do Brasil
historia_general_sipo12_1757769156189,"> {score >= 5 ?",historia,general,medium,6-8,N/A,Corrida da HistÃ³ria do Brasil
historia_general_jqxuj_1757769156189,": score >= 3 ?",historia,general,medium,6-8,N/A,Corrida da HistÃ³ria do Brasil
historia_general_n7le9c_1757769156189,"> {[...Array(5)].map((_, i) => ( <span key={i} className={`text-4xl mx-1 ${i < score ?",historia,general,medium,6-8,subtraÃ§Ã£o,Corrida da HistÃ³ria do Brasil
historia_general_zh34bg_1757769156189,"> {[...Array(5)].map((_, i) => ( <span key={i} className={`text-3xl ${i < score ?",historia,general,medium,6-8,subtraÃ§Ã£o,Corrida da HistÃ³ria do Brasil
historia_general_8i8y06_1757769156189,"> {currentEvent ? ( <div className=",historia,general,medium,6-8,N/A,Corrida da HistÃ³ria do Brasil
historia_general_cqj3hh_1757769156189,"> <div className={`h-full rounded-full transition-all duration-1000 ${ timeLeft > maxTime * 0.6 ?",historia,general,medium,6-8,subtraÃ§Ã£o,Corrida da HistÃ³ria do Brasil
historia_general_msn8ex_1757769156189,": timeLeft > maxTime * 0.3 ?",historia,general,medium,6-8,multiplicaÃ§Ã£o,Corrida da HistÃ³ria do Brasil
historia_general_ybxk36_1757769156189,"> {eventBlocks[selectedBlock].timeline.map((year, index) => ( <button key={year} onClick={() => handleSlotClick(year)} disabled={!currentEvent} className={` flex-1 mx-2 min-h-[80px] p-4 rounded-xl border-3 border-dashed transition-all duration-300 text-center font-bold ${currentEvent ?",historia,general,medium,6-8,subtraÃ§Ã£o,Corrida da HistÃ³ria do Brasil
historia_general_vs2hwg_1757769156189,"); setShowCelebration(true); setTimeout(() => setShowCelebration(false), 3000); setTimeout(() => setGameCompleted(true), 1000); }, 500); } }; const downloadAggregatedCSV = () => { if (attempts.length === 0) return; const endTime = new Date(); const totalTime = startTime ? Math.round((endTime - startTime) / 1000) : 0; const errorCount = attempts.filter(attempt => !attempt.correct).length; const csvData = [ [",historia,general,medium,6-8,subtraÃ§Ã£o,Detective da HistÃ³ria - IndependÃªncia do Brasil
historia_general_axzljt_1757769156189,"style={{ width: `${(solvedMysteries.length / 5) * 100}%` }} ></div> </div> </div> {/* Mesa de dossiÃªs */} {!currentMystery ? ( <div className=",historia,general,medium,6-8,multiplicaÃ§Ã£o,Detective da HistÃ³ria - IndependÃªncia do Brasil
historia_general_tod0k2_1757769156189,"> {mysteries.map((mystery) => ( <button key={mystery.id} onClick={() => openMystery(mystery.id)} disabled={solvedMysteries.includes(mystery.id)} className={` relative p-6 rounded-xl border-4 transition-all duration-300 transform ${solvedMysteries.includes(mystery.id) ?",historia,general,medium,6-8,subtraÃ§Ã£o,Detective da HistÃ³ria - IndependÃªncia do Brasil
historia_general_i20tmj_1757769156190,"> ğŸ¯ Qual Ã© o evento histÃ³rico? </h3> {revealedClues.length === 3 ? ( <div className=",historia,general,hard,6-8,divisÃ£o,Detective da HistÃ³ria - IndependÃªncia do Brasil
historia_general_fhbxxq_1757769156190,"> Com base nas evidÃªncias, qual evento histÃ³rico vocÃª identifica? </p> {mysteries[currentMystery].alternatives.map((alternative, index) => ( <button key={index} onClick={() => selectSolution(alternative)} className=",historia,general,hard,6-8,divisÃ£o,Detective da HistÃ³ria - IndependÃªncia do Brasil
historia_general_jiau1g_1757769156190,"> {sortedMysteries.map((mystery, index) => ( <button key={mystery.id} onClick={() => { if (timelineOrder.length === 0 || timelineOrder[timelineOrder.length - 1] !== index) { const newOrder = [...timelineOrder, index]; setTimelineOrder(newOrder); if (newOrder.length > 1) { handleTimelineConnection(newOrder[newOrder.length - 2], index); } } }} className={` flex-1 mx-2 p-4 rounded-xl border-4 transition-all duration-300 text-center ${timelineOrder.includes(index) ?",historia,general,medium,6-8,subtraÃ§Ã£o,Detective da HistÃ³ria - IndependÃªncia do Brasil
historia_general_vqo634_1757769156190,"> {score >= 90 ?",historia,general,medium,6-8,N/A,Detective da HistÃ³ria - IndependÃªncia do Brasil
historia_general_h04a63_1757769156190,": score >= 70 ?",historia,general,medium,6-8,N/A,Detective da HistÃ³ria - IndependÃªncia do Brasil
matematica_shopping_o76kyh_1757769156190,"VocÃª acabou de entrar no Roblox! Seu avatar precisa de roupas novas. VocÃª encontrou 3 lojas, cada uma vendendo 2 camisetas legais. Quantas camisetas diferentes vocÃª pode escolher no total?",matematica,shopping,medium,6-8,calculo,Fazenda de Mobs
matematica_general_ord8jd_1757769156190,", vocÃª ganhou 4 ovos especiais. Cada ovo sempre dÃ¡ exatamente 3 pets quando quebra. Se vocÃª quebrar todos os ovos, quantos pets novos vocÃª terÃ¡?",matematica,general,medium,6-8,calculo,Fazenda de Mobs
matematica_general_hphf6s_1757769156190,"e chegou numa sala com 5 plataformas. Em cada plataforma hÃ¡ exatamente 2 moedas brilhantes para coletar. Quantas moedas vocÃª conseguirÃ¡ pegar nesta sala?",matematica,general,medium,6-8,calculo,Fazenda de Mobs
matematica_general_6ru89b_1757769156190,", vocÃª construiu 2 cercados gigantes. Cada cercado abriga exatamente 4 dinossauros bebÃªs. Quantos dinossauros bebÃªs vocÃª estÃ¡ cuidando no total?",matematica,general,medium,6-8,calculo,Fazenda de Mobs
matematica_farm_nbj539_1757769156190,"trabalhando como entregador. VocÃª fez 3 viagens de entrega hoje. Em cada viagem, vocÃª entregou exatamente 5 pizzas quentinhas. Quantas pizzas vocÃª entregou no dia todo?",matematica,farm,medium,6-8,calculo,Fazenda de Mobs
matematica_general_nlsvif_1757769156190,", vocÃª descobriu um asteroide raro com 7 pontos de escavaÃ§Ã£o. Cada ponto sempre rende exatamente 6 cristais preciosos quando minerado completamente. Se vocÃª minerar todo o asteroide, quantos cristais terÃ¡ coletado?",matematica,general,medium,6-8,calculo,Fazenda de Mobs
matematica_shopping_ixmf76_1757769156190,". Hoje chegaram 6 caminhÃµes de entrega, cada um trazendo exatamente 8 carros novos para sua loja. Quantos carros novos vocÃª recebeu para vender?",matematica,shopping,medium,6-8,calculo,Fazenda de Mobs
matematica_general_izq6kq_1757769156190,", vocÃª formou uma guilda com 8 membros (incluindo vocÃª). Cada membro da guilda ganhou exatamente 7 pontos de experiÃªncia na Ãºltima missÃ£o. Quantos pontos de experiÃªncia sua guilda ganhou no total?",matematica,general,medium,6-8,calculo,Fazenda de Mobs
matematica_home_cxjq6s_1757769156190,"como chef. Para o jantar especial de hoje, vocÃª precisa preparar 9 mesas VIP. Cada mesa VIP sempre serve exatamente 5 pratos principais. Quantos pratos principais vocÃª precisa cozinhar?",matematica,home,medium,6-8,calculo,Fazenda de Mobs
matematica_general_qxwhhc_1757769156190,", vocÃª estÃ¡ treinando com 6 colegas novatos. O instrutor deu para cada um de vocÃªs exatamente 9 exercÃ­cios especiais para praticar esta semana. Quantos exercÃ­cios no total o grupo inteiro precisa completar?",matematica,general,medium,6-8,calculo,Fazenda de Mobs
matematica_shopping_qmrx4o_1757769156190,"no Roblox e agora possui 12 lojas diferentes espalhadas pelo mapa. Cada loja gera exatamente 15 Robux de lucro por dia. Se todas as lojas funcionarem perfeitamente por um dia inteiro, quanto Robux vocÃª ganharÃ¡?",matematica,shopping,medium,6-8,calculo,Fazenda de Mobs
matematica_shopping_qpuial_1757769156190,"ğŸª[ğŸ’°15] Ã— 12 lojas = ? Robux por dia",matematica,shopping,medium,6-8,multiplicaÃ§Ã£o,Fazenda de Mobs
matematica_farm_xaovye_1757769156190,", vocÃª Ã© tÃ©cnico de 14 equipes diferentes. Cada equipe tem exatamente 11 jogadores prontos para competir. Quantos atletas estÃ£o sob sua responsabilidade no total?",matematica,farm,medium,6-8,calculo,Fazenda de Mobs
matematica_calculator_uczpn2_1757769156190,"e recebeu uma encomenda gigante: construir 16 edifÃ­cios residenciais idÃªnticos. Cada edifÃ­cio precisa de exatamente 13 tipos diferentes de materiais de construÃ§Ã£o. Quantos tipos de materiais vocÃª precisa calcular no total?",matematica,calculator,medium,6-8,calculo,Fazenda de Mobs
matematica_general_4e37om_1757769156190,", vocÃª Ã© organizador de 13 palcos simultÃ¢neos. Cada palco terÃ¡ exatamente 12 apresentaÃ§Ãµes musicais durante o evento. Quantas apresentaÃ§Ãµes musicais acontecerÃ£o no festival inteiro?",matematica,general,medium,6-8,calculo,Fazenda de Mobs
matematica_general_sqwntp_1757769156190,". Sua alianÃ§a controla 15 planetas habitados. Cada planeta contribui com exatamente 14 naves de guerra para a frota unificada. Quantas naves de guerra sua alianÃ§a possui no total?",matematica,general,medium,6-8,calculo,Fazenda de Mobs
matematica_general_acj214_1757769156190,">{questionData.visual}</div> {!showFeedback ? ( <div className=",matematica,general,hard,6-8,divisÃ£o,Fazenda de Mobs
matematica_general_5ofv42_1757769156190,"> Confirmar </button> </div> ) : ( <div className={`text-center p-6 rounded-lg ${isCorrect ?",matematica,general,medium,6-8,subtraÃ§Ã£o,Fazenda de Mobs
matematica_general_ycsp7g_1757769156190,"}`}> <h4 className={`text-2xl font-bold ${isCorrect ?",matematica,general,medium,6-8,subtraÃ§Ã£o,Fazenda de Mobs
matematica_general_tyjins_1757769156190,"}`}>{isCorrect ?",matematica,general,medium,6-8,N/A,Fazenda de Mobs
matematica_vocÃª acabou de criar sua conta no roblox e ganhou 50 robux de bÃ´nus! hora de personalizar seu avatar._vpjj8r_1757769156190,"VocÃª acabou de criar sua conta no Roblox e ganhou 50 Robux de bÃ´nus! Hora de personalizar seu avatar. Compre uma camisa (10 Robux) e um chapÃ©u (15 Robux). Quanto vocÃª gastarÃ¡ no total?",matematica,VocÃª acabou de criar sua conta no Roblox e ganhou 50 Robux de bÃ´nus! Hora de personalizar seu avatar.,FÃ¡cil,6-8,calculo,Loja do Roblox - NÃ­vel 2
matematica_seu avatar estÃ¡ ficando massa! agora vocÃª quer adicionar Ã³culos para ficar ainda mais estiloso._412397_1757769156190,"Seu avatar estÃ¡ ficando massa! Agora vocÃª quer adicionar Ã³culos para ficar ainda mais estiloso. Compre os Ã³culos (8 Robux). Somando com suas compras anteriores, quanto gastou no total?",matematica,Seu avatar estÃ¡ ficando massa! Agora vocÃª quer adicionar Ã³culos para ficar ainda mais estiloso.,FÃ¡cil,6-8,N/A,Loja do Roblox - NÃ­vel 2
matematica_vocÃª quer saber se ainda tem dinheiro para comprar outras coisas legais._43tu4p_1757769156190,"VocÃª quer saber se ainda tem dinheiro para comprar outras coisas legais. VocÃª tinha 50 Robux e jÃ¡ gastou 33. Quantos Robux sobraram?",matematica,VocÃª quer saber se ainda tem dinheiro para comprar outras coisas legais.,FÃ¡cil,6-8,calculo,Loja do Roblox - NÃ­vel 2
matematica_legal! vocÃª descobriu que ainda pode comprar mais coisas! vamos ver se dÃ¡ para comprar os tÃªnis._sewqkt_1757769156190,"Legal! VocÃª descobriu que ainda pode comprar mais coisas! Vamos ver se dÃ¡ para comprar os tÃªnis. Adicione os tÃªnis (12 Robux) ao seu carrinho. Quanto vocÃª gastarÃ¡ no total atÃ© agora?",matematica,Legal! VocÃª descobriu que ainda pode comprar mais coisas! Vamos ver se dÃ¡ para comprar os tÃªnis.,FÃ¡cil,6-8,N/A,Loja do Roblox - NÃ­vel 2
matematica_parabÃ©ns! vocÃª montou seu primeiro look completo no roblox! agora vamos ver quanto dinheiro sobrou._ro4aut_1757769156190,"ParabÃ©ns! VocÃª montou seu primeiro look completo no Roblox! Agora vamos ver quanto dinheiro sobrou. Depois de gastar 45 Robux dos seus 50 Robux iniciais, quantos sobraram?",matematica,ParabÃ©ns! VocÃª montou seu primeiro look completo no Roblox! Agora vamos ver quanto dinheiro sobrou.,FÃ¡cil,6-8,calculo,Loja do Roblox - NÃ­vel 2
matematica_vocÃª entrou na loja de pets do roblox! tem 150 robux para adotar bichinhos fofinhos._s87jaq_1757769156190,"VocÃª entrou na loja de pets do Roblox! Tem 150 Robux para adotar bichinhos fofinhos. Compre um cachorro (45 Robux) e um gato (38 Robux). Quanto vocÃª gastarÃ¡?",matematica,VocÃª entrou na loja de pets do Roblox! Tem 150 Robux para adotar bichinhos fofinhos.,MÃ©dio,6-8,calculo,Loja do Roblox - NÃ­vel 2
matematica_seus pets estÃ£o adorando brincar juntos! agora vocÃª quer adicionar um coelho para completar a famÃ­lia._2lfmpp_1757769156190,"Seus pets estÃ£o adorando brincar juntos! Agora vocÃª quer adicionar um coelho para completar a famÃ­lia. Adicione o coelho (32 Robux) aos seus pets. Quanto vocÃª terÃ¡ gasto no total?",matematica,Seus pets estÃ£o adorando brincar juntos! Agora vocÃª quer adicionar um coelho para completar a famÃ­lia.,MÃ©dio,6-8,N/A,Loja do Roblox - NÃ­vel 2
matematica_vocÃª quer saber se ainda tem dinheiro para comprar comida e brinquedos para seus pets._a6th0d_1757769156190,"VocÃª quer saber se ainda tem dinheiro para comprar comida e brinquedos para seus pets. Dos seus 150 Robux iniciais, quantos sobraram apÃ³s gastar 115?",matematica,VocÃª quer saber se ainda tem dinheiro para comprar comida e brinquedos para seus pets.,MÃ©dio,6-8,calculo,Loja do Roblox - NÃ­vel 2
matematica_seus pets estÃ£o com fome! vocÃª decidiu comprar comida premium para eles._6zy3hd_1757769156191,"Seus pets estÃ£o com fome! VocÃª decidiu comprar comida premium para eles. Adicione a comida premium (35 Robux). Quanto vocÃª terÃ¡ gasto no total?",matematica,Seus pets estÃ£o com fome! VocÃª decidiu comprar comida premium para eles.,MÃ©dio,6-8,N/A,Loja do Roblox - NÃ­vel 2
matematica_incrÃ­vel! vocÃª gastou exatamente todos os seus robux cuidando bem dos seus pets!_sp3wuo_1757769156191,"IncrÃ­vel! VocÃª gastou exatamente todos os seus Robux cuidando bem dos seus pets! Depois de gastar 150 Robux dos seus 150 Robux iniciais, quantos sobraram?",matematica,IncrÃ­vel! VocÃª gastou exatamente todos os seus Robux cuidando bem dos seus pets!,MÃ©dio,6-8,calculo,Loja do Roblox - NÃ­vel 2
matematica_vocÃª chegou no parque de diversÃµes do roblox! tem 200 robux para se divertir o dia todo._bbe5sx_1757769156191,"VocÃª chegou no parque de diversÃµes do Roblox! Tem 200 Robux para se divertir o dia todo. Compre o ingresso do parque (85 Robux) e um lanche (67 Robux). Quanto vocÃª gastarÃ¡?",matematica,VocÃª chegou no parque de diversÃµes do Roblox! Tem 200 Robux para se divertir o dia todo.,AvanÃ§ado,6-8,calculo,Loja do Roblox - NÃ­vel 2
matematica_depois do lanche, vocÃª quer andar na montanha-russa! mas primeiro precisa de um refrigerante para se refrescar._tr9j51_1757769156191,"Depois do lanche, vocÃª quer andar na montanha-russa! Mas primeiro precisa de um refrigerante para se refrescar. Adicione um refrigerante (25 Robux). Quanto vocÃª terÃ¡ gasto no total?",matematica,Depois do lanche, vocÃª quer andar na montanha-russa! Mas primeiro precisa de um refrigerante para se refrescar.,AvanÃ§ado,6-8,subtraÃ§Ã£o,Loja do Roblox - NÃ­vel 2
matematica_agora vocÃª quer saber se ainda tem dinheiro suficiente para comprar souvenirs na saÃ­da._5m3tx5_1757769156191,"Agora vocÃª quer saber se ainda tem dinheiro suficiente para comprar souvenirs na saÃ­da. Dos seus 200 Robux iniciais, quantos sobraram depois de gastar 177?",matematica,Agora vocÃª quer saber se ainda tem dinheiro suficiente para comprar souvenirs na saÃ­da.,AvanÃ§ado,6-8,calculo,Loja do Roblox - NÃ­vel 2
matematica_legal! vocÃª ainda tem dinheiro para comprar um imÃ£ de lembranÃ§a do parque._a9hurv_1757769156191,"Legal! VocÃª ainda tem dinheiro para comprar um imÃ£ de lembranÃ§a do parque. Adicione o imÃ£ (23 Robux) Ã s suas compras. Quanto vocÃª terÃ¡ gasto no total?",matematica,Legal! VocÃª ainda tem dinheiro para comprar um imÃ£ de lembranÃ§a do parque.,AvanÃ§ado,6-8,N/A,Loja do Roblox - NÃ­vel 2
matematica_perfeito! vocÃª aproveitou o parque ao mÃ¡ximo e gastou exatamente todo o seu dinheiro!_comt29_1757769156191,"Perfeito! VocÃª aproveitou o parque ao mÃ¡ximo e gastou exatamente todo o seu dinheiro! Depois de gastar 200 Robux dos seus 200 Robux iniciais, quantos sobraram?",matematica,Perfeito! VocÃª aproveitou o parque ao mÃ¡ximo e gastou exatamente todo o seu dinheiro!,AvanÃ§ado,6-8,calculo,Loja do Roblox - NÃ­vel 2
matematica_mathematics_xi94cq_1757769156191,">{budget}</span></p>} <p>ğŸ“Š Soma Atual: <span className={`font-bold text-2xl px-3 py-1 rounded-full ${currentSum > (budget || Infinity) ?",matematica,mathematics,medium,6-8,subtraÃ§Ã£o,Construtor Minecraft
matematica_general_6qb619_1757769156191,": currentSum === question.target ?",matematica,general,medium,6-8,N/A,Construtor Minecraft
matematica_general_3vwsh6_1757769156191,"}`}>{currentSum}</span></p> </div> {feedback && <p className={`mt-4 p-3 rounded-lg font-semibold ${isComplete ?",matematica,general,medium,6-8,subtraÃ§Ã£o,Construtor Minecraft
matematica_general_kmr3xb_1757769156191,"style={{backgroundColor: cell ? cell.color :",matematica,general,medium,6-8,N/A,Construtor Minecraft
matematica_toys_1mjqn4_1757769156191,"JoÃ£o tem 3 carros de brinquedo no Roblox e ganhou mais 2. Quantos carros ele tem agora?",matematica,toys,easy,6-8,adiÃ§Ã£o,Quiz de IdentificaÃ§Ã£o de OperaÃ§Ãµes MatemÃ¡ticas
matematica_general_gbbizi_1757769156191,"Maria tinha 8 doces e comeu 3. Quantos doces sobraram?",matematica,general,easy,6-8,subtraÃ§Ã£o,Quiz de IdentificaÃ§Ã£o de OperaÃ§Ãµes MatemÃ¡ticas
matematica_general_klrc9a_1757769156191,"Pedro viu 6 vÃ­deos do DiÃ¡rio do Bananinha e sua irmÃ£ viu mais 4. Quantos vÃ­deos eles viram juntos?",matematica,general,easy,6-8,adiÃ§Ã£o,Quiz de IdentificaÃ§Ã£o de OperaÃ§Ãµes MatemÃ¡ticas
matematica_general_3oa4u4_1757769156191,"Ana tinha 9 pipas e 4 voaram no vento. Quantas pipas ficaram?",matematica,general,easy,6-8,subtraÃ§Ã£o,Quiz de IdentificaÃ§Ã£o de OperaÃ§Ãµes MatemÃ¡ticas
matematica_general_fb3gbd_1757769156191,"Lucas tem 5 tÃªnis e ganhou 3 novos. Quantos tÃªnis ele possui agora?",matematica,general,easy,6-8,adiÃ§Ã£o,Quiz de IdentificaÃ§Ã£o de OperaÃ§Ãµes MatemÃ¡ticas
matematica_home_7wipgo_1757769156191,"Julia construiu 12 casas no Minecraft e destruiu 5. Quantas casas restaram?",matematica,home,easy,6-8,subtraÃ§Ã£o,Quiz de IdentificaÃ§Ã£o de OperaÃ§Ãµes MatemÃ¡ticas
matematica_toys_m07k5f_1757769156191,"Carlos coleciona 15 carros de brinquedo e ganhou 8 novos na festa. Quantos carros ele tem?",matematica,toys,easy,6-8,adiÃ§Ã£o,Quiz de IdentificaÃ§Ã£o de OperaÃ§Ãµes MatemÃ¡ticas
matematica_general_r023vs_1757769156191,"Beatriz tinha 20 doces de aniversÃ¡rio e distribuiu 12. Quantos doces sobraram?",matematica,general,easy,6-8,subtraÃ§Ã£o,Quiz de IdentificaÃ§Ã£o de OperaÃ§Ãµes MatemÃ¡ticas
matematica_general_nbt9qc_1757769156191,"Roberto assistiu 18 vÃ­deos de motos no YouTube e sua mÃ£e deixou ele ver mais 7. Quantos vÃ­deos no total?",matematica,general,easy,6-8,adiÃ§Ã£o,Quiz de IdentificaÃ§Ã£o de OperaÃ§Ãµes MatemÃ¡ticas
matematica_vehicles_90cev3_1757769156191,"Livia tinha 25 bicicletas no jogo e perdeu 9 na competiÃ§Ã£o. Quantas bicicletas restaram?",matematica,vehicles,easy,6-8,subtraÃ§Ã£o,Quiz de IdentificaÃ§Ã£o de OperaÃ§Ãµes MatemÃ¡ticas
matematica_general_js0fip_1757769156191,"Gabriel coleta 125 moedas no Roblox e gastou 78 numa skin. Quantas moedas sobraram?",matematica,general,easy,6-8,subtraÃ§Ã£o,Quiz de IdentificaÃ§Ã£o de OperaÃ§Ãµes MatemÃ¡ticas
matematica_general_sqgwsy_1757769156191,"Sofia juntou 89 diamantes no Minecraft com mais 156 que achou. Quantos diamantes ela tem?",matematica,general,easy,6-8,adiÃ§Ã£o,Quiz de IdentificaÃ§Ã£o de OperaÃ§Ãµes MatemÃ¡ticas
matematica_general_3be6su_1757769156191,"Mateus tinha 200 seguidores e 45 pararam de seguir. Quantos seguidores ficaram?",matematica,general,easy,6-8,subtraÃ§Ã£o,Quiz de IdentificaÃ§Ã£o de OperaÃ§Ãµes MatemÃ¡ticas
matematica_general_mif0w9_1757769156191,"Isadora dormiu 8 horas na segunda e 9 horas na terÃ§a. Quantas horas dormiu no total?",matematica,general,easy,6-8,adiÃ§Ã£o,Quiz de IdentificaÃ§Ã£o de OperaÃ§Ãµes MatemÃ¡ticas
matematica_general_ym4v5d_1757769156191,"Diego tinha 350 blocos no Minecraft e usou 127 para construir. Quantos blocos sobraram?",matematica,general,easy,6-8,subtraÃ§Ã£o,Quiz de IdentificaÃ§Ã£o de OperaÃ§Ãµes MatemÃ¡ticas
matematica_general_r3nf3e_1757769156191,"Carolina tem 4 grupos de amigos no Roblox. Cada grupo tem 6 pessoas. Quantas pessoas no total?",matematica,general,easy,6-8,multiplicaÃ§Ã£o,Quiz de IdentificaÃ§Ã£o de OperaÃ§Ãµes MatemÃ¡ticas
matematica_general_k6swn0_1757769156191,"Vitor colecionou 35 cartas PokÃ©mon e deu 12 para o amigo. Quantas cartas ficaram?",matematica,general,easy,6-8,subtraÃ§Ã£o,Quiz de IdentificaÃ§Ã£o de OperaÃ§Ãµes MatemÃ¡ticas
matematica_general_f4i84x_1757769156191,"Laura comprou 3 pacotes de doces. Cada pacote tem 8 doces. Quantos doces no total?",matematica,general,easy,6-8,multiplicaÃ§Ã£o,Quiz de IdentificaÃ§Ã£o de OperaÃ§Ãµes MatemÃ¡ticas
matematica_general_j62llv_1757769156191,"Rafael tinha 45 tÃªnis de coleÃ§Ã£o e comprou mais 18. Quantos tÃªnis ele possui agora?",matematica,general,easy,6-8,adiÃ§Ã£o,Quiz de IdentificaÃ§Ã£o de OperaÃ§Ãµes MatemÃ¡ticas
matematica_general_nv7c1k_1757769156191,"Camila assiste 5 influencers diferentes. Cada um posta 7 vÃ­deos por semana. Quantos vÃ­deos por semana?",matematica,general,easy,6-8,multiplicaÃ§Ã£o,Quiz de IdentificaÃ§Ã£o de OperaÃ§Ãµes MatemÃ¡ticas
matematica_toys_mb6di9_1757769156191,"Artur tem 6 motos virtuais no jogo. Cada moto custa 15 moedas. Quanto gastou no total?",matematica,toys,medium,6-8,multiplicaÃ§Ã£o,Quiz de IdentificaÃ§Ã£o de OperaÃ§Ãµes MatemÃ¡ticas
matematica_general_huvq3i_1757769156191,"Juliana tinha 80 seguidores no TikTok e ganhou 25 novos. Quantos seguidores tem agora?",matematica,general,medium,6-8,adiÃ§Ã£o,Quiz de IdentificaÃ§Ã£o de OperaÃ§Ãµes MatemÃ¡ticas
matematica_general_61vah3_1757769156192,"Guilherme tinha 120 blocos no Minecraft e usou 65 numa construÃ§Ã£o. Quantos blocos restam?",matematica,general,medium,6-8,subtraÃ§Ã£o,Quiz de IdentificaÃ§Ã£o de OperaÃ§Ãµes MatemÃ¡ticas
matematica_toys_gk4vv5_1757769156192,"Alice coleta 12 itens por fase do jogo. Ela passou 8 fases. Quantos itens coletou?",matematica,toys,medium,6-8,multiplicaÃ§Ã£o,Quiz de IdentificaÃ§Ã£o de OperaÃ§Ãµes MatemÃ¡ticas
matematica_general_cqtief_1757769156192,"Bruno dormiu 9 horas na sexta e 11 horas no sÃ¡bado. Quantas horas dormiu no fim de semana?",matematica,general,medium,6-8,adiÃ§Ã£o,Quiz de IdentificaÃ§Ã£o de OperaÃ§Ãµes MatemÃ¡ticas
matematica_general_kkdxai_1757769156192,"Leticia comprou 4 pares de tÃªnis novos. Cada par custou 25 reais. Quanto gastou no total?",matematica,general,medium,6-8,multiplicaÃ§Ã£o,Quiz de IdentificaÃ§Ã£o de OperaÃ§Ãµes MatemÃ¡ticas
matematica_general_z1vppm_1757769156192,"Ricardo tinha 150 moedas no Roblox e comprou um carro por 89 moedas. Quantas moedas sobraram?",matematica,general,medium,6-8,subtraÃ§Ã£o,Quiz de IdentificaÃ§Ã£o de OperaÃ§Ãµes MatemÃ¡ticas
matematica_general_3imhk3_1757769156192,"Mariana empinou 7 pipas ontem e 12 pipas hoje. Quantas pipas empinou no total?",matematica,general,medium,6-8,adiÃ§Ã£o,Quiz de IdentificaÃ§Ã£o de OperaÃ§Ãµes MatemÃ¡ticas
matematica_vehicles_k7kk9f_1757769156192,"Pedro tem 9 bicicletas de coleÃ§Ã£o. Cada bicicleta tem 2 rodas. Quantas rodas no total?",matematica,vehicles,medium,6-8,multiplicaÃ§Ã£o,Quiz de IdentificaÃ§Ã£o de OperaÃ§Ãµes MatemÃ¡ticas
matematica_general_rgtpbu_1757769156192,"Sara tinha 95 doces de Halloween e comeu 28. Quantos doces ainda tem?",matematica,general,medium,6-8,subtraÃ§Ã£o,Quiz de IdentificaÃ§Ã£o de OperaÃ§Ãµes MatemÃ¡ticas
matematica_general_r6hefx_1757769156192,"JoÃ£o assiste 8 influencers. Cada um faz 12 vÃ­deos por mÃªs. Quantos vÃ­deos por mÃªs no total?",matematica,general,medium,6-8,multiplicaÃ§Ã£o,Quiz de IdentificaÃ§Ã£o de OperaÃ§Ãµes MatemÃ¡ticas
matematica_home_ptpfg6_1757769156192,"Valentina construiu 75 casas no Minecraft e destruiu 23. Quantas casas restaram?",matematica,home,medium,6-8,subtraÃ§Ã£o,Quiz de IdentificaÃ§Ã£o de OperaÃ§Ãµes MatemÃ¡ticas
matematica_toys_6ik8ij_1757769156192,"Thago colecionou 45 carros de brinquedo e ganhou 37 no aniversÃ¡rio. Quantos carros tem agora?",matematica,toys,medium,6-8,adiÃ§Ã£o,Quiz de IdentificaÃ§Ã£o de OperaÃ§Ãµes MatemÃ¡ticas
matematica_general_gxnchq_1757769156192,"Beatriz dorme 11 horas por noite. Em 6 noites, quantas horas dormiu?",matematica,general,medium,6-8,multiplicaÃ§Ã£o,Quiz de IdentificaÃ§Ã£o de OperaÃ§Ãµes MatemÃ¡ticas
matematica_general_f6yoqu_1757769156192,"Gabriel tinha 200 seguidores e perdeu 45. Quantos seguidores ficaram?",matematica,general,medium,6-8,subtraÃ§Ã£o,Quiz de IdentificaÃ§Ã£o de OperaÃ§Ãµes MatemÃ¡ticas
matematica_general_o10bb5_1757769156192,"Luca dividiu 24 doces igualmente entre 6 amigos. Quantos doces cada amigo recebeu?",matematica,general,medium,6-8,divisÃ£o,Quiz de IdentificaÃ§Ã£o de OperaÃ§Ãµes MatemÃ¡ticas
matematica_general_jfhgvo_1757769156192,"Sofia tem 7 grupos de seguidores. Cada grupo tem 45 pessoas. Quantos seguidores no total?",matematica,general,medium,6-8,multiplicaÃ§Ã£o,Quiz de IdentificaÃ§Ã£o de OperaÃ§Ãµes MatemÃ¡ticas
matematica_general_31tbp0_1757769156192,"Daniel tinha 180 blocos no Minecraft e comprou mais 95. Quantos blocos tem agora?",matematica,general,medium,6-8,adiÃ§Ã£o,Quiz de IdentificaÃ§Ã£o de OperaÃ§Ãµes MatemÃ¡ticas
matematica_general_i8b19g_1757769156192,"Isabella queria repartir 36 tÃªnis da coleÃ§Ã£o em 9 caixas iguais. Quantos tÃªnis em cada caixa?",matematica,general,medium,6-8,divisÃ£o,Quiz de IdentificaÃ§Ã£o de OperaÃ§Ãµes MatemÃ¡ticas
matematica_general_31w6ab_1757769156192,"Matheus tinha 250 moedas no Roblox e gastou 89 numa skin. Quantas moedas restaram?",matematica,general,medium,6-8,subtraÃ§Ã£o,Quiz de IdentificaÃ§Ã£o de OperaÃ§Ãµes MatemÃ¡ticas
matematica_general_kexaz7_1757769156192,"Ana Julia tem 72 doces e quer dividir igualmente entre 12 crianÃ§as. Quantos doces cada uma vai receber?",matematica,general,medium,6-8,divisÃ£o,Quiz de IdentificaÃ§Ã£o de OperaÃ§Ãµes MatemÃ¡ticas
matematica_general_8p4kdy_1757769156192,"Fernando coleciona motos. Ele tem 15 motos clÃ¡ssicas e comprou 28 motos modernas. Quantas motos tem no total?",matematica,general,medium,6-8,adiÃ§Ã£o,Quiz de IdentificaÃ§Ã£o de OperaÃ§Ãµes MatemÃ¡ticas
matematica_general_trclaa_1757769156192,"Caroline assiste o DiÃ¡rio do Bananinha 3 vezes por semana durante 8 semanas. Quantos episÃ³dios assistiu?",matematica,general,medium,6-8,multiplicaÃ§Ã£o,Quiz de IdentificaÃ§Ã£o de OperaÃ§Ãµes MatemÃ¡ticas
matematica_general_90ydo3_1757769156192,"Roberto tinha 300 seguidores no YouTube e perdeu 125 porque ficou sem postar. Quantos seguidores ficaram?",matematica,general,medium,6-8,subtraÃ§Ã£o,Quiz de IdentificaÃ§Ã£o de OperaÃ§Ãµes MatemÃ¡ticas
matematica_general_sazpst_1757769156192,"Maria tem 60 pipas para repartir igualmente entre 5 amigas. Quantas pipas cada amiga vai receber?",matematica,general,medium,6-8,divisÃ£o,Quiz de IdentificaÃ§Ã£o de OperaÃ§Ãµes MatemÃ¡ticas
matematica_general_ogjhf4_1757769156192,"Lucas joga Roblox hÃ¡ 3 anos e coleciona skins. Ele tem 24 skins raras e 18 skins comuns. Quantas skins ele possui no total?",matematica,general,hard,6-8,adiÃ§Ã£o,Quiz de IdentificaÃ§Ã£o de OperaÃ§Ãµes MatemÃ¡ticas
matematica_general_ka8c_1757769156192,"Sofia construiu uma cidade no Minecraft com 156 blocos. Durante uma explosÃ£o, ela perdeu 67 blocos. Quantos blocos sobraram na construÃ§Ã£o?",matematica,general,hard,6-8,subtraÃ§Ã£o,Quiz de IdentificaÃ§Ã£o de OperaÃ§Ãµes MatemÃ¡ticas
matematica_general_o8p0b3_1757769156192,"Pedro assiste 6 YouTubers diferentes. Cada um posta 4 vÃ­deos por semana. Quantos vÃ­deos Pedro pode assistir semanalmente?",matematica,general,hard,6-8,multiplicaÃ§Ã£o,Quiz de IdentificaÃ§Ã£o de OperaÃ§Ãµes MatemÃ¡ticas
matematica_general_838duh_1757769156192,"Ana comprou 84 cartas PokÃ©mon e quer organizar em grupos de 12 cartas cada. Quantos grupos completos ela conseguirÃ¡ formar?",matematica,general,hard,6-8,divisÃ£o,Quiz de IdentificaÃ§Ã£o de OperaÃ§Ãµes MatemÃ¡ticas
matematica_general_1svc0c_1757769156192,"Mateus coleciona tÃªnis hÃ¡ 2 anos. ComeÃ§ou com 15 pares e a cada mÃªs comprava 3 pares novos. Quantos pares possui apÃ³s 8 meses?",matematica,general,hard,6-8,adiÃ§Ã£o,Quiz de IdentificaÃ§Ã£o de OperaÃ§Ãµes MatemÃ¡ticas
matematica_general_dck55q_1757769156192,"Giulia tinha 145 moedas no Roblox. Comprou uma skin por 89 moedas e depois ganhou 56 moedas numa competiÃ§Ã£o. Quantas moedas ela tem agora?",matematica,general,hard,6-8,adiÃ§Ã£o,Quiz de IdentificaÃ§Ã£o de OperaÃ§Ãµes MatemÃ¡ticas
matematica_home_ijob59_1757769156192,"Roberto construiu 3 casas no Minecraft. A primeira usou 78 blocos, a segunda 92 blocos, a terceira 65 blocos. Quantos blocos ele usou no total?",matematica,home,hard,6-8,adiÃ§Ã£o,Quiz de IdentificaÃ§Ã£o de OperaÃ§Ãµes MatemÃ¡ticas
matematica_general_k874ug_1757769156192,"Marina comprou 5 pacotes de figurinhas com 12 figurinhas cada. Ela jÃ¡ tinha 38 figurinhas. Quantas figurinhas possui agora?",matematica,general,hard,6-8,adiÃ§Ã£o,Quiz de IdentificaÃ§Ã£o de OperaÃ§Ãµes MatemÃ¡ticas
matematica_general_15pdjg_1757769156192,"Diego tinha 240 seguidores no TikTok. Ganhou 95 novos seguidores mas 23 pararam de seguir. Quantos seguidores tem agora?",matematica,general,hard,6-8,adiÃ§Ã£o,Quiz de IdentificaÃ§Ã£o de OperaÃ§Ãµes MatemÃ¡ticas
matematica_general_xkb7fa_1757769156192,"Beatriz empacotou 96 doces em caixas de 8 doces cada. Vendeu 7 caixas completas. Quantas caixas ainda possui?",matematica,general,hard,6-8,subtraÃ§Ã£o,Quiz de IdentificaÃ§Ã£o de OperaÃ§Ãµes MatemÃ¡ticas
matematica_toys_pfvbip_1757769156192,"JoÃ£o tem 60 carros de brinquedo. Ele deu metade para seu irmÃ£o. Quantos carros JoÃ£o deu?",matematica,toys,hard,6-8,divisÃ£o,Quiz de IdentificaÃ§Ã£o de OperaÃ§Ãµes MatemÃ¡ticas
matematica_home_d7g3dh_1757769156192,"Sofia fez 80 brigadeiros para festa. Vendeu trÃªs quartos da quantidade. Quantos brigadeiros ela vendeu?",matematica,home,hard,6-8,multiplicaÃ§Ã£o,Quiz de IdentificaÃ§Ã£o de OperaÃ§Ãµes MatemÃ¡ticas
matematica_general_mzqigi_1757769156193,"Lucas joga videogame 4 horas por dia. Se reduzir um terÃ§o desse tempo, quantas horas jogarÃ¡?",matematica,general,hard,6-8,subtraÃ§Ã£o,Quiz de IdentificaÃ§Ã£o de OperaÃ§Ãµes MatemÃ¡ticas
matematica_general_c0fsci_1757769156193,"Ana tinha 90 adesivos. Usou dois quintos para decorar o caderno. Quantos adesivos ela usou?",matematica,general,hard,6-8,multiplicaÃ§Ã£o,Quiz de IdentificaÃ§Ã£o de OperaÃ§Ãµes MatemÃ¡ticas
matematica_toys_jhmlpm_1757769156193,"Pedro economizou 120 reais. Gastou um quarto com jogos e outro quarto com lanche. Quanto dinheiro sobrou?",matematica,toys,hard,6-8,subtraÃ§Ã£o,Quiz de IdentificaÃ§Ã£o de OperaÃ§Ãµes MatemÃ¡ticas
matematica_general_tp86g7_1757769156193,"Se 3 pacotes de cartas custam 45 reais, quanto custam 7 pacotes?",matematica,general,hard,6-8,multiplicaÃ§Ã£o,Quiz de IdentificaÃ§Ã£o de OperaÃ§Ãµes MatemÃ¡ticas
matematica_general_p2zuq8_1757769156193,"Marina lÃª 25 pÃ¡ginas em 5 dias. Mantendo esse ritmo, quantas pÃ¡ginas lerÃ¡ em 12 dias?",matematica,general,hard,6-8,multiplicaÃ§Ã£o,Quiz de IdentificaÃ§Ã£o de OperaÃ§Ãµes MatemÃ¡ticas
matematica_toys_et03c0_1757769156193,"Diego fez 24 gols em 6 jogos. Se continuar nesse desempenho, quantos gols farÃ¡ em 15 jogos?",matematica,toys,hard,6-8,multiplicaÃ§Ã£o,Quiz de IdentificaÃ§Ã£o de OperaÃ§Ãµes MatemÃ¡ticas
matematica_general_hs4wtr_1757769156193,"Se 8 crianÃ§as comem 32 doces, quantos doces comerÃ£o 12 crianÃ§as?",matematica,general,hard,6-8,multiplicaÃ§Ã£o,Quiz de IdentificaÃ§Ã£o de OperaÃ§Ãµes MatemÃ¡ticas
matematica_general_htxtfo_1757769156194,"JÃºlia economiza 15 reais em 3 semanas. Em quantas semanas economizarÃ¡ 60 reais?",matematica,general,hard,6-8,divisÃ£o,Quiz de IdentificaÃ§Ã£o de OperaÃ§Ãµes MatemÃ¡ticas
matematica_general_5eed54_1757769156194,"Gustavo tinha 200 seguidores. Se ganhou 50% a mais, quantos seguidores tem agora?",matematica,general,hard,6-8,adiÃ§Ã£o,Quiz de IdentificaÃ§Ã£o de OperaÃ§Ãµes MatemÃ¡ticas
matematica_general_g8671g_1757769156194,"Sofia comprou uma mochila de 80 reais com 25% de desconto. Quanto ela pagou?",matematica,general,hard,6-8,subtraÃ§Ã£o,Quiz de IdentificaÃ§Ã£o de OperaÃ§Ãµes MatemÃ¡ticas
matematica_general_nx3ki2_1757769156194,"Pedro acertou 75% de um teste com 40 questÃµes. Quantas questÃµes ele acertou?",matematica,general,hard,6-8,multiplicaÃ§Ã£o,Quiz de IdentificaÃ§Ã£o de OperaÃ§Ãµes MatemÃ¡ticas
matematica_general_zet0od_1757769156194,"Ana comeu 30% de uma pizza de 8 pedaÃ§os. Quantos pedaÃ§os ela comeu?",matematica,general,hard,6-8,multiplicaÃ§Ã£o,Quiz de IdentificaÃ§Ã£o de OperaÃ§Ãµes MatemÃ¡ticas
matematica_toys_th92h0_1757769156194,"Lucas tinha 120 moedas no jogo e perdeu 40% delas. Quantas moedas ele perdeu?",matematica,toys,hard,6-8,multiplicaÃ§Ã£o,Quiz de IdentificaÃ§Ã£o de OperaÃ§Ãµes MatemÃ¡ticas
matematica_general_dyddnx_1757769156194,"Beatriz estuda 2 horas e 45 minutos por dia. Quantos minutos ela estuda por semana?",matematica,general,hard,6-8,multiplicaÃ§Ã£o,Quiz de IdentificaÃ§Ã£o de OperaÃ§Ãµes MatemÃ¡ticas
matematica_school_759pm5_1757769156194,"Diego percorre 1,8 km para ir Ã  escola. Indo e voltando 5 vezes por semana, quantos km percorre?",matematica,school,hard,6-8,multiplicaÃ§Ã£o,Quiz de IdentificaÃ§Ã£o de OperaÃ§Ãµes MatemÃ¡ticas
matematica_toys_mdkr8k_1757769156194,"Marina comeÃ§ou a jogar Ã s 14h30 e parou Ã s 17h15. Por quanto tempo ela jogou?",matematica,toys,hard,6-8,subtraÃ§Ã£o,Quiz de IdentificaÃ§Ã£o de OperaÃ§Ãµes MatemÃ¡ticas
matematica_general_ojjdqx_1757769156194,"JoÃ£o assiste vÃ­deos de 12 minutos cada. Se assistiu por 1 hora e 36 minutos, quantos vÃ­deos viu?",matematica,general,hard,6-8,divisÃ£o,Quiz de IdentificaÃ§Ã£o de OperaÃ§Ãµes MatemÃ¡ticas
matematica_general_d76r0n_1757769156194,"Sofia dorme 8 horas e 20 minutos por noite durante uma semana. Quantas horas dormiu no total?",matematica,general,hard,6-8,multiplicaÃ§Ã£o,Quiz de IdentificaÃ§Ã£o de OperaÃ§Ãµes MatemÃ¡ticas
matematica_general_rbn1bb_1757769156194,"Carlos tem o triplo de cartas que Bruno. Juntos tÃªm 180 cartas. Quantas cartas Carlos possui?",matematica,general,hard,6-8,multiplicaÃ§Ã£o,Quiz de IdentificaÃ§Ã£o de OperaÃ§Ãµes MatemÃ¡ticas
matematica_general_tqy0u3_1757769156194,"Ana e JÃºlia colecionam adesivos. Ana tem 15 a mais que JÃºlia. Se Ana der 8 adesivos para JÃºlia, quem terÃ¡ mais?",matematica,general,hard,6-8,subtraÃ§Ã£o,Quiz de IdentificaÃ§Ã£o de OperaÃ§Ãµes MatemÃ¡ticas
matematica_general_k28ouq_1757769156194,"Pedro tinha algumas moedas. Gastou metade, depois ganhou 20, ficando com 35. Quantas moedas tinha inicialmente?",matematica,general,hard,6-8,subtraÃ§Ã£o,Quiz de IdentificaÃ§Ã£o de OperaÃ§Ãµes MatemÃ¡ticas
matematica_general_8yvzsn_1757769156194,"Marina organizou seus livros: 1/3 sÃ£o de aventura, 1/4 sÃ£o de mistÃ©rio, o resto sÃ£o romances. Se tem 60 livros, quantos sÃ£o romances?",matematica,general,hard,6-8,subtraÃ§Ã£o,Quiz de IdentificaÃ§Ã£o de OperaÃ§Ãµes MatemÃ¡ticas
matematica_general_1ypk6n_1757769156194,"Diego fez um teste com questÃµes valendo 2, 3 e 5 pontos. Acertou 4 de 2 pontos, 3 de 3 pontos e 2 de 5 pontos. Qual sua pontuaÃ§Ã£o total?",matematica,general,hard,6-8,adiÃ§Ã£o,Quiz de IdentificaÃ§Ã£o de OperaÃ§Ãµes MatemÃ¡ticas
matematica_toys_sc7eve_1757769156194,"Sofia comprou 4 jogos: o primeiro custou 25 reais, o segundo 30% a mais que o primeiro, o terceiro metade do segundo, o quarto o dobro do terceiro. Quanto gastou no total?",matematica,toys,hard,6-8,adiÃ§Ã£o,Quiz de IdentificaÃ§Ã£o de OperaÃ§Ãµes MatemÃ¡ticas
matematica_vehicles_3b2lne_1757769156194,"Lucas organizou torneio com 64 jogadores. A cada rodada elimina-se metade. ApÃ³s quantas rodadas restarÃ¡ apenas 1 campeÃ£o?",matematica,vehicles,hard,6-8,divisÃ£o,Quiz de IdentificaÃ§Ã£o de OperaÃ§Ãµes MatemÃ¡ticas
matematica_general_ptzy3a_1757769156194,"Ana investiu 200 reais. No 1Âº mÃªs rendeu 10%, no 2Âº mÃªs perdeu 5% do total. Quanto tem agora?",matematica,general,hard,6-8,multiplicaÃ§Ã£o,Quiz de IdentificaÃ§Ã£o de OperaÃ§Ãµes MatemÃ¡ticas
matematica_general_ky8wkz_1757769156194,"Pedro comprou aÃ§Ãµes de uma empresa por 150 reais. O valor subiu 20%, depois caiu 15%. Qual o valor atual?",matematica,general,hard,6-8,multiplicaÃ§Ã£o,Quiz de IdentificaÃ§Ã£o de OperaÃ§Ãµes MatemÃ¡ticas
matematica_general_wq97ji_1757769156194,"Beatriz tem uma coleÃ§Ã£o que cresce 25% a cada mÃªs. ComeÃ§ou com 40 itens. Quantos terÃ¡ apÃ³s 3 meses?",matematica,general,hard,6-8,multiplicaÃ§Ã£o,Quiz de IdentificaÃ§Ã£o de OperaÃ§Ãµes MatemÃ¡ticas
matematica_school_w6muk2_1757769156194,"Uma escola tem 480 alunos. 40% sÃ£o meninas, e dessas, 25% praticam esportes. Quantas meninas praticam esportes?",matematica,school,hard,6-8,multiplicaÃ§Ã£o,Quiz de IdentificaÃ§Ã£o de OperaÃ§Ãµes MatemÃ¡ticas
matematica_vehicles_a9txr0_1757769156194,"Carlos economiza R$ 50 por mÃªs durante um ano. No final, gasta 60% do total numa bike. Quanto sobrou?",matematica,vehicles,hard,6-8,subtraÃ§Ã£o,Quiz de IdentificaÃ§Ã£o de OperaÃ§Ãµes MatemÃ¡ticas
matematica_shopping_exlrrn_1757769156194,"Marina faz bolos para vender. Cada bolo usa 3 ovos e rende R$ 15 de lucro. Se ela tem 84 ovos, qual serÃ¡ seu lucro total?",matematica,shopping,hard,6-8,multiplicaÃ§Ã£o,Quiz de IdentificaÃ§Ã£o de OperaÃ§Ãµes MatemÃ¡ticas
matematica_toys_d9enl1_1757769156194,"Diego tem 3 vezes mais jogos que Felipe, e Felipe tem 12 jogos a mais que Bruno. Se Bruno tem 18 jogos, quantos jogos Diego possui?",matematica,toys,hard,6-8,multiplicaÃ§Ã£o,Quiz de IdentificaÃ§Ã£o de OperaÃ§Ãµes MatemÃ¡ticas
matematica_general_k7cje1_1757769156194,"Uma receita para 4 pessoas usa 200g de farinha e 150ml de leite. Para fazer para 14 pessoas, quanto precisarei de cada ingrediente?",matematica,general,hard,6-8,multiplicaÃ§Ã£o,Quiz de IdentificaÃ§Ã£o de OperaÃ§Ãµes MatemÃ¡ticas
matematica_general_52pijr_1757769156194,"Lucas comprou 3 skins no Roblox por 50 moedas cada uma, depois vendeu 1 skin por 45 moedas. Quantas moedas ele gastou no total?",matematica,general,hard,6-8,subtraÃ§Ã£o,Quiz de IdentificaÃ§Ã£o de OperaÃ§Ãµes MatemÃ¡ticas
matematica_home_4tyciy_1757769156194,"Sofia construiu 4 casas no Minecraft, cada uma com 12 blocos. Depois destruiu 2 casas completas. Quantos blocos sobraram?",matematica,home,hard,6-8,subtraÃ§Ã£o,Quiz de IdentificaÃ§Ã£o de OperaÃ§Ãµes MatemÃ¡ticas
matematica_general_shbu71_1757769156194,"Pedro assistiu o DiÃ¡rio do Bananinha por 5 dias, 3 episÃ³dios por dia. No 6Âº dia assistiu mais 4 episÃ³dios. Quantos episÃ³dios assistiu no total?",matematica,general,hard,6-8,adiÃ§Ã£o,Quiz de IdentificaÃ§Ã£o de OperaÃ§Ãµes MatemÃ¡ticas
matematica_general_3wi2d_1757769156194,"Ana empinou pipas por 3 semanas. Na primeira semana empinou 8 pipas, na segunda 12, na terceira perdeu metade das que tinha empinado. Quantas pipas perdeu?",matematica,general,hard,6-8,divisÃ£o,Quiz de IdentificaÃ§Ã£o de OperaÃ§Ãµes MatemÃ¡ticas
matematica_general_jkg4t8_1757769156194,"Ricardo coleciona 150 cartas PokÃ©mon em 6 pacotes iguais, depois doa 2 pacotes completos para amigos. Quantas cartas ficaram com ele?",matematica,general,hard,6-8,subtraÃ§Ã£o,Quiz de IdentificaÃ§Ã£o de OperaÃ§Ãµes MatemÃ¡ticas
matematica_general_htjgiu_1757769156194,"Guilherme tinha 200 seguidores no TikTok. No primeiro mÃªs ganhou metade a mais, no segundo mÃªs perdeu metade dos que tinha. Quantos seguidores tem agora?",matematica,general,hard,6-8,multiplicaÃ§Ã£o,Quiz de IdentificaÃ§Ã£o de OperaÃ§Ãµes MatemÃ¡ticas
matematica_home_hcbzsk_1757769156194,"Beatriz comprou tÃªnis com desconto. O preÃ§o era 120 reais, mas pagou apenas trÃªs quartos do valor. Quanto pagou?",matematica,home,hard,6-8,multiplicaÃ§Ã£o,Quiz de IdentificaÃ§Ã£o de OperaÃ§Ãµes MatemÃ¡ticas
matematica_general_hppvft_1757769156194,"Carlos joga Minecraft 8 horas por semana. Se ele reduzir pela metade, quantas horas jogarÃ¡ em 4 semanas?",matematica,general,hard,6-8,multiplicaÃ§Ã£o,Quiz de IdentificaÃ§Ã£o de OperaÃ§Ãµes MatemÃ¡ticas
matematica_home_8xo1qq_1757769156194,"Laura tinha 80 doces e comeu um quarto no primeiro dia, um quarto no segundo dia. Quantos doces sobraram?",matematica,home,hard,6-8,subtraÃ§Ã£o,Quiz de IdentificaÃ§Ã£o de OperaÃ§Ãµes MatemÃ¡ticas
matematica_general_jmk6os_1757769156194,"Diego construiu uma torre de 60 blocos no Minecraft. Se cada andar tem um quinto dos blocos totais, quantos andares tem a torre?",matematica,general,hard,6-8,divisÃ£o,Quiz de IdentificaÃ§Ã£o de OperaÃ§Ãµes MatemÃ¡ticas
matematica_general_6oz6ix_1757769156194,"Valentina joga Roblox 2 horas e 30 minutos por dia. Em quantos minutos ela joga em uma semana completa?",matematica,general,hard,6-8,multiplicaÃ§Ã£o,Quiz de IdentificaÃ§Ã£o de OperaÃ§Ãµes MatemÃ¡ticas
matematica_general_fbgqy4_1757769156195,"JoÃ£o dorme 9 horas por noite. Se ele for dormir Ã s 22h30, a que horas vai acordar?",matematica,general,hard,6-8,adiÃ§Ã£o,Quiz de IdentificaÃ§Ã£o de OperaÃ§Ãµes MatemÃ¡ticas
matematica_school_zewzlu_1757769156195,"Marina percorre 1,5 km para ir Ã  escola. Se ela vai e volta 5 vezes por semana, quantos quilÃ´metros percorre?",matematica,school,hard,6-8,multiplicaÃ§Ã£o,Quiz de IdentificaÃ§Ã£o de OperaÃ§Ãµes MatemÃ¡ticas
matematica_general_vboh8o_1757769156195,"Thiago assistiu 4 filmes, cada um com 1 hora e 45 minutos. Quantas horas assistiu no total?",matematica,general,hard,6-8,multiplicaÃ§Ã£o,Quiz de IdentificaÃ§Ã£o de OperaÃ§Ãµes MatemÃ¡ticas
matematica_general_94gdp2_1757769156195,"Isabel empina pipa das 15h Ã s 17h30 todos os sÃ¡bados por 4 semanas. Quantas horas empinou no total?",matematica,general,hard,6-8,multiplicaÃ§Ã£o,Quiz de IdentificaÃ§Ã£o de OperaÃ§Ãµes MatemÃ¡ticas
matematica_general_5o2jj_1757769156195,"Gabriel tem o dobro de moedas no Roblox que Ana. Se juntos tÃªm 180 moedas, quantas moedas Gabriel possui?",matematica,general,hard,6-8,divisÃ£o,Quiz de IdentificaÃ§Ã£o de OperaÃ§Ãµes MatemÃ¡ticas
matematica_toys_fqhr1b_1757769156195,"Sofia comprou 3 jogos por preÃ§os diferentes: o segundo custou 20 reais a mais que o primeiro, o terceiro custou metade do segundo. Se gastou 110 reais no total, quanto custou o primeiro jogo?",matematica,toys,hard,6-8,subtraÃ§Ã£o,Quiz de IdentificaÃ§Ã£o de OperaÃ§Ãµes MatemÃ¡ticas
matematica_toys_bw5hz4_1757769156195,"Pedro e Lucas colecionam carros de brinquedo. Pedro tem 12 carros a mais que Lucas. Se Pedro der 8 carros para Lucas, quem terÃ¡ mais carros?",matematica,toys,hard,6-8,subtraÃ§Ã£o,Quiz de IdentificaÃ§Ã£o de OperaÃ§Ãµes MatemÃ¡ticas
matematica_farm_6oz57n_1757769156195,"Em um servidor de Minecraft, hÃ¡ 3 vezes mais jogadores de manhÃ£ que Ã  tarde. Se Ã  tarde hÃ¡ 45 jogadores, quantos hÃ¡ de manhÃ£?",matematica,farm,hard,6-8,multiplicaÃ§Ã£o,Quiz de IdentificaÃ§Ã£o de OperaÃ§Ãµes MatemÃ¡ticas
matematica_general_pe7dkn_1757769156195,"Camila divide suas 60 figurinhas igualmente entre suas amigas. Se cada amiga recebeu 12 figurinhas, quantas amigas ela tem?",matematica,general,hard,6-8,divisÃ£o,Quiz de IdentificaÃ§Ã£o de OperaÃ§Ãµes MatemÃ¡ticas
matematica_school_slkan7_1757769156195,"Na sala de informÃ¡tica hÃ¡ 15 computadores. Se 3 estÃ£o quebrados e os alunos trabalham em duplas, quantas duplas podem usar os computadores?",matematica,school,hard,6-8,divisÃ£o,Quiz de IdentificaÃ§Ã£o de OperaÃ§Ãµes MatemÃ¡ticas
matematica_school_k18ghy_1757769156195,"A merenda escolar serve 240 alunos por dia. Se cada bandeja comporta 8 pratos, quantas bandejas sÃ£o necessÃ¡rias?",matematica,school,hard,6-8,divisÃ£o,Quiz de IdentificaÃ§Ã£o de OperaÃ§Ãµes MatemÃ¡ticas
matematica_general_jzm0rk_1757769156195,"Para a festa junina, cada turma deve arrecadar 150 reais. Se a turma do 4Âº ano jÃ¡ arrecadou dois terÃ§os do valor, quanto ainda falta?",matematica,general,hard,6-8,subtraÃ§Ã£o,Quiz de IdentificaÃ§Ã£o de OperaÃ§Ãµes MatemÃ¡ticas
matematica_school_91pf8f_1757769156195,"Na biblioteca escolar hÃ¡ 8 estantes com 45 livros cada. Se 60 livros foram emprestados, quantos livros restaram?",matematica,school,hard,6-8,subtraÃ§Ã£o,Quiz de IdentificaÃ§Ã£o de OperaÃ§Ãµes MatemÃ¡ticas
matematica_home_kttgwa_1757769156195,"O recreio dura 20 minutos. Se jÃ¡ se passaram trÃªs quartos do tempo, quantos minutos ainda restam?",matematica,home,hard,6-8,subtraÃ§Ã£o,Quiz de IdentificaÃ§Ã£o de OperaÃ§Ãµes MatemÃ¡ticas
matematica_toys_rey726_1757769156195,"Mateus quer comprar um jogo que custa 89 reais. Ele economiza 12 reais por semana. Em quantas semanas terÃ¡ dinheiro suficiente?",matematica,toys,hard,6-8,divisÃ£o,Quiz de IdentificaÃ§Ã£o de OperaÃ§Ãµes MatemÃ¡ticas
matematica_general_de6k2q_1757769156195,"Ana comprou 3 doces por 2,50 reais cada e pagou com uma nota de 10 reais. Quanto recebeu de troco?",matematica,general,hard,6-8,subtraÃ§Ã£o,Quiz de IdentificaÃ§Ã£o de OperaÃ§Ãµes MatemÃ¡ticas
matematica_general_k5j71t_1757769156195,"Julia vende pipas por 15 reais cada. Se ela vendeu 8 pipas e gastou 45 reais com materiais, qual foi seu lucro?",matematica,general,hard,6-8,subtraÃ§Ã£o,Quiz de IdentificaÃ§Ã£o de OperaÃ§Ãµes MatemÃ¡ticas
matematica_general_9bi423_1757769156195,"Roberto compra cartas PokÃ©mon em pacotes de 24 reais com 6 cartas cada. Quantos reais ele paga por carta?",matematica,general,hard,6-8,divisÃ£o,Quiz de IdentificaÃ§Ã£o de OperaÃ§Ãµes MatemÃ¡ticas
matematica_general_nbmnbv_1757769156195,"Beatriz tinha 85 reais, gastou 1/3 com tÃªnis e 1/5 com roupas. Quanto dinheiro sobrou?",matematica,general,hard,6-8,subtraÃ§Ã£o,Quiz de IdentificaÃ§Ã£o de OperaÃ§Ãµes MatemÃ¡ticas
matematica_general_201lbo_1757769156195,"Pedro constrÃ³i torres no Minecraft seguindo um padrÃ£o: 1Âª torre tem 5 blocos, 2Âª tem 8 blocos, 3Âª tem 11 blocos. Quantos blocos terÃ¡ a 5Âª torre?",matematica,general,hard,6-8,adiÃ§Ã£o,Quiz de IdentificaÃ§Ã£o de OperaÃ§Ãµes MatemÃ¡ticas
matematica_general_8netwy_1757769156195,"Sofia coleciona moedas do Roblox: no 1Âº dia ganhou 10, no 2Âº dia ganhou 20, no 3Âº dia ganhou 40. Se continuar esse padrÃ£o, quantas moedas ganharÃ¡ no 5Âº dia?",matematica,general,hard,6-8,multiplicaÃ§Ã£o,Quiz de IdentificaÃ§Ã£o de OperaÃ§Ãµes MatemÃ¡ticas
matematica_general_nbofiz_1757769156195,"Lucas organiza seus tÃªnis em fileiras: 1Âª fileira tem 2 pares, 2Âª tem 4, 3Âª tem 8. Quantos pares terÃ¡ na 6Âª fileira?",matematica,general,hard,6-8,multiplicaÃ§Ã£o,Quiz de IdentificaÃ§Ã£o de OperaÃ§Ãµes MatemÃ¡ticas
matematica_general_962d6i_1757769156195,"Marina planta flores seguindo sequÃªncia: 1Âº canteiro tem 3 flores, 2Âº tem 7, 3Âº tem 11, 4Âº tem 15. Quantas flores terÃ¡ o 7Âº canteiro?",matematica,general,hard,6-8,adiÃ§Ã£o,Quiz de IdentificaÃ§Ã£o de OperaÃ§Ãµes MatemÃ¡ticas
matematica_general_gnhkla_1757769156195,"Diego assiste vÃ­deos por semana: 1Âª semana 2 vÃ­deos, 2Âª semana 6, 3Âª semana 18. Se continuar multiplicando por 3, quantos vÃ­deos assistirÃ¡ na 5Âª semana?",matematica,general,hard,6-8,multiplicaÃ§Ã£o,Quiz de IdentificaÃ§Ã£o de OperaÃ§Ãµes MatemÃ¡ticas
matematica_vehicles_xh26w_1757769156195,"Um torneio de Roblox tem 64 jogadores. A cada rodada, metade Ã© eliminada. ApÃ³s 4 rodadas, quantos jogadores restam?",matematica,vehicles,hard,6-8,divisÃ£o,Quiz de IdentificaÃ§Ã£o de OperaÃ§Ãµes MatemÃ¡ticas
matematica_general_4cvn7q_1757769156195,"Carolina tem 3 vezes mais seguidores que Bruno. Se Carolina perdesse 200 seguidores e Bruno ganhasse 200, eles teriam o mesmo nÃºmero. Quantos seguidores Carolina tem?",matematica,general,hard,6-8,adiÃ§Ã£o,Quiz de IdentificaÃ§Ã£o de OperaÃ§Ãµes MatemÃ¡ticas
matematica_general_lrzv4x_1757769156195,"Artur compra, vende e troca cartas. ComeÃ§ou com 50, comprou 30, vendeu 1/4 do total, depois trocou 20 por 35 novas. Quantas cartas tem agora?",matematica,general,hard,6-8,adiÃ§Ã£o,Quiz de IdentificaÃ§Ã£o de OperaÃ§Ãµes MatemÃ¡ticas
matematica_general_7ocxoo_1757769156195,"Isabel empina pipas hÃ¡ 6 semanas. Nas primeiras 3 semanas empinou 4 por semana, nas Ãºltimas 3 empinou o dobro por semana. Quantas pipas empinou no total?",matematica,general,hard,6-8,adiÃ§Ã£o,Quiz de IdentificaÃ§Ã£o de OperaÃ§Ãµes MatemÃ¡ticas
matematica_general_9ekkfm_1757769156195,"Gustavo divide sua coleÃ§Ã£o de 120 carros entre 3 amigos de forma que o primeiro receba o dobro do segundo, e o terceiro receba metade do primeiro. Quantos carros recebe o segundo amigo?",matematica,general,hard,6-8,divisÃ£o,Quiz de IdentificaÃ§Ã£o de OperaÃ§Ãµes MatemÃ¡ticas
matematica_school_kmikul_1757769156195,"Uma escola organizou gincana: 5 times, cada time perdeu 1/5 dos integrantes na 1Âª prova. Se sobraram 240 alunos no total, quantos alunos havia inicialmente?",matematica,school,hard,6-8,multiplicaÃ§Ã£o,Quiz de IdentificaÃ§Ã£o de OperaÃ§Ãµes MatemÃ¡ticas
matematica_general_r77koc_1757769156195,"Marina e Julia colecionam tÃªnis. Marina tem 2/3 da quantidade de Julia. Se Marina comprasse 15 pares e Julia vendesse 25, elas teriam quantidades iguais. Quantos tÃªnis Marina possui?",matematica,general,hard,6-8,subtraÃ§Ã£o,Quiz de IdentificaÃ§Ã£o de OperaÃ§Ãµes MatemÃ¡ticas
matematica_general_nqq9dz_1757769156195,"Pedro construiu cidade no Minecraft em formato quadrado. Aumentou cada lado em 50%, e a Ã¡rea aumentou em quantos por cento?",matematica,general,hard,6-8,multiplicaÃ§Ã£o,Quiz de IdentificaÃ§Ã£o de OperaÃ§Ãµes MatemÃ¡ticas
matematica_general_kezzd9_1757769156195,"Torneio de videogame: 128 participantes, taxa de inscriÃ§Ã£o 25 reais. PrÃªmios: 1Âº lugar 40% do total, 2Âº lugar 25%, 3Âº lugar 15%, organizaÃ§Ã£o fica com resto. Quanto a organizaÃ§Ã£o recebeu?",matematica,general,hard,6-8,multiplicaÃ§Ã£o,Quiz de IdentificaÃ§Ã£o de OperaÃ§Ãµes MatemÃ¡ticas
matematica_general_f6asjt_1757769156195,"Sofia economiza dinheiro: no 1Âº mÃªs guardou 50 reais, nos meses seguintes sempre guardou 20% a mais que o mÃªs anterior. Quanto guardou no 4Âº mÃªs?",matematica,general,hard,6-8,multiplicaÃ§Ã£o,Quiz de IdentificaÃ§Ã£o de OperaÃ§Ãµes MatemÃ¡ticas
matematica_home_m9rzb4_1757769156195,"&& q.mathematics?.operation ); // Return IDs of first 50 questions for this demo return mathQuestions.slice(0, 50).map(q => q.id); } // Main app component class OperacoesMatemÃ¡ticasApp extends React.Component { constructor(props) { super(props); this.state = { databaseLoaded: false, questionIds: [] }; } async componentDidMount() { console.log(",matematica,home,hard,6-8,divisÃ£o,OperaÃ§Ãµes MatemÃ¡ticas - Database Driven